Index,Timestamp,Value
35,2024-06-26 09:36:00,99.0
38,2024-06-26 09:37:00,99.0
58,2024-06-26 09:42:00,98.0
62,2024-06-26 09:43:00,98.0
122,2024-06-26 09:57:00,97.0
125,2024-06-26 09:58:00,97.0
174,2024-06-26 10:11:00,96.0
259,2024-06-26 10:33:00,95.0
264,2024-06-26 10:34:00,95.0
290,2024-06-26 10:41:00,94.0
295,2024-06-26 10:42:00,94.0
342,2024-06-26 10:54:00,93.0
358,2024-06-26 10:58:00,92.0
363,2024-06-26 10:59:00,92.0
381,2024-06-26 11:04:00,91.0
397,2024-06-26 11:08:00,90.0
400,2024-06-26 11:08:00,90.0
456,2024-06-26 11:23:00,89.0
460,2024-06-26 11:24:00,89.0
485,2024-06-26 11:30:00,88.0
499,2024-06-26 11:34:00,87.0
508,2024-06-26 11:37:00,86.0
517,2024-06-26 11:39:00,85.0
520,2024-06-26 11:40:00,85.0
524,2024-06-26 11:41:00,84.0
528,2024-06-26 11:42:00,84.0
547,2024-06-26 11:47:00,83.0
549,2024-06-26 11:47:00,83.0
556,2024-06-26 11:49:00,82.0
558,2024-06-26 11:50:00,82.0
574,2024-06-26 11:54:00,81.0
582,2024-06-26 11:56:00,80.0
584,2024-06-26 11:56:00,80.0
594,2024-06-26 11:59:00,79.0
598,2024-06-26 12:00:00,79.0
602,2024-06-26 12:01:00,78.0
604,2024-06-26 12:01:00,78.0
618,2024-06-26 12:05:00,77.0
629,2024-06-26 12:12:00,75.0
632,2024-06-26 12:13:00,74.0
636,2024-06-26 12:14:00,74.0
647,2024-06-26 12:17:00,73.0
657,2024-06-26 12:20:00,72.0
669,2024-06-26 12:23:00,71.0
672,2024-06-26 12:23:00,71.0
677,2024-06-26 12:25:00,70.0
681,2024-06-26 12:26:00,70.0
690,2024-06-26 12:28:00,69.0
702,2024-06-26 12:31:00,68.0
712,2024-06-26 12:34:00,67.0
714,2024-06-26 12:34:00,67.0
725,2024-06-26 12:37:00,66.0
728,2024-06-26 12:38:00,66.0
740,2024-06-26 12:41:00,65.0
744,2024-06-26 12:42:00,65.0
760,2024-06-26 12:46:00,64.0
775,2024-06-26 12:50:00,63.0
780,2024-06-26 12:51:00,62.0
784,2024-06-26 12:52:00,62.0
794,2024-06-26 12:54:00,61.0
799,2024-06-26 12:56:00,61.0
816,2024-06-26 13:00:00,60.0
830,2024-06-26 13:04:00,59.0
838,2024-06-26 13:05:00,58.0
846,2024-06-26 13:07:00,58.0
862,2024-06-26 13:12:00,57.0
870,2024-06-26 13:13:00,56.0
884,2024-06-26 13:17:00,55.0
893,2024-06-26 13:19:00,54.0
911,2024-06-26 13:24:00,53.0
915,2024-06-26 13:25:00,53.0
923,2024-06-26 13:27:00,52.0
955,2024-06-26 13:35:00,51.0
961,2024-06-26 13:37:00,50.0
965,2024-06-26 13:37:00,50.0
972,2024-06-26 13:40:00,49.0
976,2024-06-26 13:41:00,49.0
982,2024-06-26 13:42:00,48.0
996,2024-06-26 13:46:00,47.0
1002,2024-06-26 13:48:00,46.0
1006,2024-06-26 13:48:00,46.0
1013,2024-06-26 13:51:00,45.0
1015,2024-06-26 13:51:00,45.0
1024,2024-06-26 13:54:00,44.0
1036,2024-06-26 13:57:00,43.0
1040,2024-06-26 13:58:00,43.0
1044,2024-06-26 13:59:00,42.0
1063,2024-06-26 14:04:00,41.0
1078,2024-06-26 15:24:00,89.0
1080,2024-06-26 15:29:00,88.0
1082,2024-06-26 15:30:00,87.0
1094,2024-06-26 15:33:00,86.0
1108,2024-06-26 15:37:00,85.0
1116,2024-06-26 15:39:00,84.0
1138,2024-06-26 15:44:00,83.0
1146,2024-06-26 15:46:00,82.0
1160,2024-06-26 15:50:00,81.0
1171,2024-06-26 15:53:00,80.0
1175,2024-06-26 15:54:00,80.0
1187,2024-06-26 15:57:00,79.0
1195,2024-06-26 15:59:00,78.0
1198,2024-06-26 15:59:00,78.0
1203,2024-06-26 16:04:00,77.0
1208,2024-06-26 16:05:00,76.0
1213,2024-06-26 16:08:00,75.0
1216,2024-06-26 16:08:00,75.0
1221,2024-06-26 16:10:00,74.0
1231,2024-06-26 16:13:00,73.0
1234,2024-06-26 16:13:00,73.0
1241,2024-06-26 16:17:00,72.0
1251,2024-06-26 16:20:00,71.0
1257,2024-06-26 16:22:00,70.0
1261,2024-06-26 16:24:00,70.0
1270,2024-06-26 16:29:00,69.0
1274,2024-06-26 16:30:00,68.0
1277,2024-06-26 16:30:00,68.0
1279,2024-06-26 16:33:00,67.0
1292,2024-06-26 16:37:00,66.0
1295,2024-06-26 16:38:00,66.0
1299,2024-06-26 16:43:00,65.0
1301,2024-06-26 16:44:00,64.0
1319,2024-06-26 16:49:00,63.0
1329,2024-06-26 16:51:00,62.0
1345,2024-06-26 16:56:00,61.0
1354,2024-06-26 16:59:00,60.0
1359,2024-06-26 17:03:00,59.0
1375,2024-06-26 17:09:00,57.0
1378,2024-06-26 17:09:00,57.0
1383,2024-06-26 17:12:00,56.0
1386,2024-06-26 17:12:00,56.0
1406,2024-06-26 17:17:00,55.0
1414,2024-06-26 17:23:00,53.0
1423,2024-06-26 17:26:00,52.0
1445,2024-06-26 17:32:00,51.0
1447,2024-06-26 17:33:00,50.0
1462,2024-06-26 17:37:00,49.0
1466,2024-06-26 17:38:00,49.0
1470,2024-06-26 17:39:00,48.0
1474,2024-06-26 17:40:00,48.0
1486,2024-06-26 17:43:00,47.0
1490,2024-06-26 17:44:00,47.0
1506,2024-06-26 17:49:00,46.0
1510,2024-06-26 17:49:00,46.0
1536,2024-06-26 17:56:00,45.0
1549,2024-06-26 18:00:00,44.0
1554,2024-06-26 18:01:00,44.0
1569,2024-06-26 18:08:00,43.0
1593,2024-06-26 18:14:00,42.0
1598,2024-06-26 18:15:00,42.0
1634,2024-06-26 18:25:00,41.0
1660,2024-06-26 18:31:00,40.0
1725,2024-06-26 18:48:00,39.0
1777,2024-06-26 19:02:00,38.0
1855,2024-06-26 19:24:00,37.0
1890,2024-06-26 19:34:00,36.0
1895,2024-06-26 19:35:00,36.0
1973,2024-06-26 20:05:00,35.0
1975,2024-06-26 20:06:00,35.0
1999,2024-06-26 20:12:00,34.0
2002,2024-06-26 20:12:00,34.0
2077,2024-06-26 20:34:00,33.0
2138,2024-06-26 20:49:00,32.0
2209,2024-06-26 21:13:00,32.0
2219,2024-06-26 21:16:00,35.0
2221,2024-06-26 21:16:00,35.0
2242,2024-06-26 21:22:00,41.0
2262,2024-06-26 21:27:00,46.0
2274,2024-06-26 21:30:00,49.0
2306,2024-06-26 21:38:00,56.0
2318,2024-06-26 21:41:00,59.0
2329,2024-06-26 21:44:00,62.0
2341,2024-06-26 21:47:00,65.0
2349,2024-06-26 21:49:00,67.0
2356,2024-06-26 21:51:00,69.0
2361,2024-06-26 21:52:00,70.0
2376,2024-06-26 21:56:00,74.0
2388,2024-06-26 21:59:00,77.0
2421,2024-06-26 22:07:00,80.0
2431,2024-06-26 22:10:00,83.0
2434,2024-06-26 22:10:00,82.0
2525,2024-06-26 22:39:00,99.0
2529,2024-06-26 22:41:00,99.0
2532,2024-06-26 22:42:00,98.0
2545,2024-06-26 22:45:00,97.0
2576,2024-06-26 22:53:00,96.0
2602,2024-06-26 23:00:00,95.0
2622,2024-06-26 23:07:00,94.0
2653,2024-06-26 23:16:00,93.0
2656,2024-06-26 23:16:00,93.0
2681,2024-06-26 23:27:00,92.0
2684,2024-06-26 23:27:00,92.0
2712,2024-06-26 23:35:00,91.0
2724,2024-06-26 23:44:00,90.0
2742,2024-06-26 23:54:00,89.0
2765,2024-06-27 00:00:00,88.0
2767,2024-06-27 00:00:00,88.0
2770,2024-06-27 00:01:00,88.0
2788,2024-06-27 00:11:00,87.0
2792,2024-06-27 00:12:00,87.0
2799,2024-06-27 00:16:00,86.0
2852,2024-06-27 00:30:00,85.0
2866,2024-06-27 00:33:00,84.0
2879,2024-06-27 00:37:00,83.0
2890,2024-06-27 00:39:00,82.0
2892,2024-06-27 00:44:00,81.0
2902,2024-06-27 00:47:00,80.0
2910,2024-06-27 00:52:00,79.0
2918,2024-06-27 00:56:00,78.0
2931,2024-06-27 00:59:00,77.0
2961,2024-06-27 01:07:00,76.0
2965,2024-06-27 01:08:00,76.0
2973,2024-06-27 01:13:00,75.0
2978,2024-06-27 01:16:00,74.0
2993,2024-06-27 01:20:00,73.0
3001,2024-06-27 01:22:00,72.0
3004,2024-06-27 01:22:00,72.0
3023,2024-06-27 01:27:00,71.0
3028,2024-06-27 01:39:00,68.0
3032,2024-06-27 01:44:00,66.0
3042,2024-06-27 01:52:00,65.0
3050,2024-06-27 01:55:00,64.0
3067,2024-06-27 02:00:00,63.0
3069,2024-06-27 02:00:00,63.0
3071,2024-06-27 02:02:00,62.0
3073,2024-06-27 02:03:00,62.0
3076,2024-06-27 02:06:00,61.0
3081,2024-06-27 02:17:00,59.0
3086,2024-06-27 02:18:00,58.0
3090,2024-06-27 02:22:00,57.0
3098,2024-06-27 02:24:00,56.0
3102,2024-06-27 02:25:00,56.0
3124,2024-06-27 03:18:00,84.0
3142,2024-06-27 03:32:00,81.0
3150,2024-06-27 03:35:00,80.0
3163,2024-06-27 03:41:00,79.0
3178,2024-06-27 03:48:00,78.0
3191,2024-06-27 03:51:00,77.0
3197,2024-06-27 03:54:00,76.0
3199,2024-06-27 03:54:00,76.0
3204,2024-06-27 04:09:00,74.0
3206,2024-06-27 04:10:00,73.0
3210,2024-06-27 04:11:00,73.0
3232,2024-06-27 04:16:00,72.0
3246,2024-06-27 04:20:00,71.0
3249,2024-06-27 04:21:00,71.0
3262,2024-06-27 04:24:00,70.0
3266,2024-06-27 04:25:00,70.0
3268,2024-06-27 04:25:00,70.0
3284,2024-06-27 04:30:00,69.0
3291,2024-06-27 04:33:00,68.0
3296,2024-06-27 04:34:00,68.0
3307,2024-06-27 04:38:00,67.0
3319,2024-06-27 04:41:00,66.0
3322,2024-06-27 04:41:00,66.0
3336,2024-06-27 04:45:00,65.0
3351,2024-06-27 04:49:00,64.0
3355,2024-06-27 04:50:00,64.0
3374,2024-06-27 04:55:00,63.0
3385,2024-06-27 04:57:00,62.0
3410,2024-06-27 05:04:00,61.0
3413,2024-06-27 05:05:00,61.0
3421,2024-06-27 05:07:00,60.0
3424,2024-06-27 05:07:00,60.0
3438,2024-06-27 05:11:00,59.0
3442,2024-06-27 05:12:00,59.0
3452,2024-06-27 05:15:00,58.0
3454,2024-06-27 05:15:00,58.0
3470,2024-06-27 05:19:00,57.0
3482,2024-06-27 05:22:00,56.0
3497,2024-06-27 05:27:00,55.0
3501,2024-06-27 05:28:00,55.0
3513,2024-06-27 05:31:00,54.0
3516,2024-06-27 05:35:00,53.0
3520,2024-06-27 05:36:00,53.0
3532,2024-06-27 05:43:00,51.0
3555,2024-06-27 05:49:00,50.0
3559,2024-06-27 05:49:00,50.0
3578,2024-06-27 05:55:00,49.0
3590,2024-06-27 05:58:00,48.0
3608,2024-06-27 06:03:00,47.0
3610,2024-06-27 06:03:00,47.0
3613,2024-06-27 06:04:00,47.0
3620,2024-06-27 06:06:00,46.0
3623,2024-06-27 06:06:00,46.0
3636,2024-06-27 06:10:00,45.0
3647,2024-06-27 06:12:00,44.0
3668,2024-06-27 06:18:00,43.0
3670,2024-06-27 06:19:00,43.0
3674,2024-06-27 06:20:00,42.0
3678,2024-06-27 06:21:00,42.0
3704,2024-06-27 06:28:00,41.0
3709,2024-06-27 06:29:00,41.0
3724,2024-06-27 06:33:00,40.0
3730,2024-06-27 06:34:00,40.0
3784,2024-06-27 06:48:00,39.0
3810,2024-06-27 06:54:00,38.0
3815,2024-06-27 06:55:00,38.0
3866,2024-06-27 14:12:00,99.0
3870,2024-06-27 14:13:00,99.0
3884,2024-06-27 14:17:00,98.0
3886,2024-06-27 14:17:00,98.0
3906,2024-06-27 14:23:00,97.0
3910,2024-06-27 14:24:00,97.0
3953,2024-06-27 14:35:00,96.0
3956,2024-06-27 14:35:00,96.0
4029,2024-06-27 14:55:00,95.0
4033,2024-06-27 14:56:00,95.0
4079,2024-06-27 15:08:00,94.0
4084,2024-06-27 15:09:00,94.0
4124,2024-06-27 15:19:00,93.0
4147,2024-06-27 15:25:00,92.0
4152,2024-06-27 15:26:00,92.0
4154,2024-06-27 15:26:00,92.0
4177,2024-06-27 15:33:00,91.0
4196,2024-06-27 15:37:00,90.0
4218,2024-06-27 15:43:00,89.0
4227,2024-06-27 15:45:00,88.0
4230,2024-06-27 15:46:00,88.0
4244,2024-06-27 15:49:00,87.0
4255,2024-06-27 15:52:00,86.0
4257,2024-06-27 15:53:00,86.0
4272,2024-06-27 16:07:00,85.0
4284,2024-06-27 16:10:00,84.0
4309,2024-06-27 16:16:00,83.0
4317,2024-06-27 17:15:00,68.0
4325,2024-06-27 17:17:00,67.0
4339,2024-06-27 17:20:00,66.0
4353,2024-06-27 17:24:00,65.0
4355,2024-06-27 17:24:00,65.0
4367,2024-06-27 17:27:00,64.0
4381,2024-06-27 17:31:00,63.0
4391,2024-06-27 17:33:00,62.0
4406,2024-06-27 17:37:00,61.0
4409,2024-06-27 17:38:00,61.0
4417,2024-06-27 17:40:00,60.0
4421,2024-06-27 17:41:00,60.0
4433,2024-06-27 17:44:00,59.0
4441,2024-06-27 17:46:00,58.0
4454,2024-06-27 17:49:00,57.0
4465,2024-06-27 17:52:00,56.0
4480,2024-06-27 17:56:00,55.0
4508,2024-06-27 18:02:00,54.0
4520,2024-06-27 18:06:00,53.0
4522,2024-06-27 18:06:00,53.0
4526,2024-06-27 18:08:00,52.0
4539,2024-06-27 18:11:00,51.0
4544,2024-06-27 18:13:00,50.0
4547,2024-06-27 18:15:00,50.0
4551,2024-06-27 18:16:00,49.0
4555,2024-06-27 18:18:00,48.0
4560,2024-06-27 18:19:00,48.0
4572,2024-06-27 18:23:00,47.0
4576,2024-06-27 18:26:00,46.0
4585,2024-06-27 18:29:00,45.0
4590,2024-06-27 18:30:00,45.0
4596,2024-06-27 18:32:00,44.0
4601,2024-06-27 18:33:00,44.0
4616,2024-06-27 19:45:00,88.0
4619,2024-06-27 19:45:00,88.0
4622,2024-06-27 19:49:00,87.0
4628,2024-06-27 19:51:00,86.0
4642,2024-06-27 19:55:00,85.0
4650,2024-06-27 19:57:00,84.0
4682,2024-06-27 20:05:00,83.0
4694,2024-06-27 20:08:00,82.0
4707,2024-06-27 20:12:00,81.0
4710,2024-06-27 20:13:00,81.0
4719,2024-06-27 20:15:00,80.0
4723,2024-06-27 20:16:00,80.0
4739,2024-06-27 20:20:00,79.0
4750,2024-06-27 20:22:00,78.0
4759,2024-06-27 20:32:00,76.0
4763,2024-06-27 20:33:00,75.0
4767,2024-06-27 20:35:00,74.0
4771,2024-06-27 20:35:00,74.0
4780,2024-06-27 20:38:00,73.0
4784,2024-06-27 20:39:00,73.0
4787,2024-06-27 20:40:00,72.0
4793,2024-06-27 20:47:00,70.0
4799,2024-06-27 20:51:00,69.0
4804,2024-06-27 20:52:00,69.0
4815,2024-06-27 20:54:00,68.0
4820,2024-06-27 20:59:00,67.0
4822,2024-06-27 21:05:00,66.0
4829,2024-06-27 21:09:00,65.0
4835,2024-06-27 21:11:00,64.0
4838,2024-06-27 21:11:00,64.0
4857,2024-06-27 21:16:00,63.0
4860,2024-06-27 21:17:00,63.0
4872,2024-06-27 21:20:00,62.0
4889,2024-06-27 21:24:00,61.0
4902,2024-06-27 21:27:00,60.0
4915,2024-06-27 21:31:00,59.0
4919,2024-06-27 21:32:00,59.0
4924,2024-06-27 21:37:00,57.0
4926,2024-06-27 21:38:00,56.0
4931,2024-06-27 21:39:00,56.0
4944,2024-06-27 21:42:00,55.0
4953,2024-06-27 21:47:00,54.0
4960,2024-06-27 21:49:00,52.0
4963,2024-06-27 21:50:00,52.0
4971,2024-06-27 21:52:00,51.0
4975,2024-06-27 21:53:00,51.0
4982,2024-06-27 21:55:00,50.0
4986,2024-06-27 21:55:00,50.0
4994,2024-06-27 22:01:00,48.0
4997,2024-06-27 22:01:00,48.0
5011,2024-06-27 22:05:00,47.0
5014,2024-06-27 22:06:00,46.0
5018,2024-06-27 22:07:00,46.0
5032,2024-06-27 22:11:00,45.0
5055,2024-06-27 22:16:00,44.0
5088,2024-06-27 22:25:00,43.0
5091,2024-06-27 22:26:00,43.0
5095,2024-06-27 22:27:00,42.0
5115,2024-06-27 22:32:00,41.0
5127,2024-06-27 22:36:00,40.0
5130,2024-06-27 22:36:00,40.0
5156,2024-06-27 22:43:00,39.0
5175,2024-06-27 22:48:00,38.0
5178,2024-06-27 22:48:00,38.0
5219,2024-06-27 22:59:00,37.0
5236,2024-06-27 23:03:00,36.0
5241,2024-06-27 23:05:00,36.0
5276,2024-06-27 23:16:00,35.0
5310,2024-06-27 23:25:00,34.0
5314,2024-06-27 23:26:00,34.0
5334,2024-06-27 23:31:00,33.0
5338,2024-06-27 23:32:00,33.0
5345,2024-06-27 23:36:00,32.0
5349,2024-06-27 23:37:00,32.0
5379,2024-06-27 23:45:00,31.0
5419,2024-06-27 23:56:00,30.0
5504,2024-06-28 00:20:00,29.0
5677,2024-06-28 01:05:00,28.0
5681,2024-06-28 01:05:00,28.0
5722,2024-06-28 07:01:00,99.0
5725,2024-06-28 07:02:00,99.0
5801,2024-06-28 07:50:00,98.0
5833,2024-06-28 09:04:00,97.0
5846,2024-06-28 09:08:00,96.0
5959,2024-06-28 09:37:00,95.0
5981,2024-06-28 09:43:00,94.0
5983,2024-06-28 09:43:00,94.0
6044,2024-06-28 10:03:00,93.0
6086,2024-06-28 10:16:00,92.0
6147,2024-06-28 10:37:00,91.0
6213,2024-06-28 10:56:00,90.0
6272,2024-06-28 11:12:00,89.0
6276,2024-06-28 11:13:00,89.0
6307,2024-06-28 11:30:00,88.0
6309,2024-06-28 11:31:00,88.0
6348,2024-06-28 11:44:00,87.0
6355,2024-06-28 11:46:00,86.0
6359,2024-06-28 11:47:00,86.0
6370,2024-06-28 11:50:00,85.0
6406,2024-06-28 11:59:00,84.0
6408,2024-06-28 11:59:00,84.0
6411,2024-06-28 12:00:00,84.0
6473,2024-06-28 12:16:00,83.0
6475,2024-06-28 12:16:00,83.0
6480,2024-06-28 12:18:00,82.0
6483,2024-06-28 12:18:00,82.0
6501,2024-06-28 12:23:00,81.0
6504,2024-06-28 12:24:00,81.0
6514,2024-06-28 12:29:00,80.0
6517,2024-06-28 12:29:00,80.0
6526,2024-06-28 12:34:00,79.0
6529,2024-06-28 12:35:00,79.0
6537,2024-06-28 12:37:00,78.0
6540,2024-06-28 12:38:00,78.0
6560,2024-06-28 12:43:00,77.0
6564,2024-06-28 12:44:00,77.0
6580,2024-06-28 12:48:00,76.0
6584,2024-06-28 12:49:00,76.0
6599,2024-06-28 12:52:00,75.0
6611,2024-06-28 12:56:00,75.0
6615,2024-06-28 12:57:00,75.0
6620,2024-06-28 12:58:00,74.0
6641,2024-06-28 13:03:00,73.0
6654,2024-06-28 13:09:00,72.0
6658,2024-06-28 13:10:00,72.0
6667,2024-06-28 13:14:00,71.0
6678,2024-06-28 13:17:00,70.0
6694,2024-06-28 13:24:00,69.0
6705,2024-06-28 13:27:00,68.0
6707,2024-06-28 13:27:00,68.0
6729,2024-06-28 13:33:00,67.0
6732,2024-06-28 13:33:00,67.0
6739,2024-06-28 13:37:00,66.0
6743,2024-06-28 13:39:00,65.0
6748,2024-06-28 13:42:00,64.0
6761,2024-06-28 13:46:00,63.0
6763,2024-06-28 13:49:00,62.0
6768,2024-06-28 13:56:00,60.0
6779,2024-06-28 13:59:00,59.0
6788,2024-06-28 14:01:00,58.0
6798,2024-06-28 14:04:00,58.0
6817,2024-06-28 14:09:00,57.0
6819,2024-06-28 14:09:00,57.0
6830,2024-06-28 14:12:00,56.0
6834,2024-06-28 14:13:00,56.0
6836,2024-06-28 14:16:00,55.0
6847,2024-06-28 14:19:00,54.0
6850,2024-06-28 14:20:00,54.0
6865,2024-06-28 14:24:00,53.0
6875,2024-06-28 14:27:00,52.0
6879,2024-06-28 14:27:00,52.0
6900,2024-06-28 14:33:00,51.0
6918,2024-06-28 14:38:00,50.0
6921,2024-06-28 14:39:00,50.0
6931,2024-06-28 14:42:00,49.0
6935,2024-06-28 14:43:00,49.0
6941,2024-06-28 14:44:00,48.0
6949,2024-06-28 14:50:00,47.0
6963,2024-06-28 15:42:00,77.0
6966,2024-06-28 15:44:00,77.0
6970,2024-06-28 15:53:00,75.0
6973,2024-06-28 15:54:00,74.0
6976,2024-06-28 15:54:00,74.0
6983,2024-06-28 15:58:00,73.0
6994,2024-06-28 16:01:00,72.0
6997,2024-06-28 16:01:00,72.0
7015,2024-06-28 16:06:00,71.0
7021,2024-06-28 16:08:00,71.0
7027,2024-06-28 16:09:00,70.0
7048,2024-06-28 16:15:00,69.0
7052,2024-06-28 16:16:00,68.0
7057,2024-06-28 16:17:00,68.0
7072,2024-06-28 16:21:00,67.0
7081,2024-06-28 16:24:00,66.0
7097,2024-06-28 16:27:00,65.0
7101,2024-06-28 16:28:00,65.0
7107,2024-06-28 16:30:00,64.0
7122,2024-06-28 16:34:00,63.0
7124,2024-06-28 16:35:00,63.0
7136,2024-06-28 16:38:00,62.0
7140,2024-06-28 16:38:00,62.0
7160,2024-06-28 16:44:00,61.0
7169,2024-06-28 16:46:00,60.0
7189,2024-06-28 16:51:00,59.0
7192,2024-06-28 16:52:00,59.0
7200,2024-06-28 16:54:00,58.0
7216,2024-06-28 16:58:00,57.0
7227,2024-06-28 17:00:00,56.0
7244,2024-06-28 17:05:00,55.0
7256,2024-06-28 17:09:00,54.0
7270,2024-06-28 17:12:00,53.0
7272,2024-06-28 17:13:00,53.0
7274,2024-06-28 17:14:00,53.0
7282,2024-06-28 17:16:00,52.0
7286,2024-06-28 17:17:00,52.0
7300,2024-06-28 17:26:00,50.0
7302,2024-06-28 17:27:00,49.0
7308,2024-06-28 17:29:00,48.0
7310,2024-06-28 17:29:00,48.0
7327,2024-06-28 17:33:00,47.0
7332,2024-06-28 17:34:00,47.0
7346,2024-06-28 17:38:00,46.0
7359,2024-06-28 17:42:00,45.0
7364,2024-06-28 17:43:00,45.0
7380,2024-06-28 17:47:00,44.0
7383,2024-06-28 17:48:00,44.0
7410,2024-06-28 17:56:00,43.0
7417,2024-06-28 17:58:00,42.0
7421,2024-06-28 17:59:00,42.0
7437,2024-06-28 18:03:00,41.0
7453,2024-06-28 18:07:00,40.0
7484,2024-06-28 18:15:00,39.0
7486,2024-06-28 18:15:00,39.0
7504,2024-06-28 18:20:00,38.0
7507,2024-06-28 18:20:00,38.0
7540,2024-06-28 18:29:00,37.0
7568,2024-06-28 18:36:00,36.0
7571,2024-06-28 18:37:00,36.0
7613,2024-06-28 18:48:00,35.0
7648,2024-06-28 18:56:00,34.0
7710,2024-06-28 19:12:00,33.0
7744,2024-06-28 19:21:00,32.0
7748,2024-06-28 19:22:00,32.0
7824,2024-06-28 20:35:00,86.0
7879,2024-06-28 22:09:00,99.0
7907,2024-06-28 22:16:00,98.0
7941,2024-06-28 22:25:00,97.0
7947,2024-06-28 22:26:00,97.0
8004,2024-06-28 22:41:00,96.0
8007,2024-06-28 22:41:00,96.0
8081,2024-06-28 23:01:00,95.0
8101,2024-06-28 23:06:00,94.0
8133,2024-06-28 23:15:00,93.0
8156,2024-06-28 23:21:00,92.0
8177,2024-06-28 23:26:00,91.0
8224,2024-06-28 23:38:00,90.0
8226,2024-06-28 23:38:00,90.0
8229,2024-06-28 23:39:00,90.0
8244,2024-06-28 23:43:00,89.0
8258,2024-06-28 23:46:00,88.0
8277,2024-06-28 23:51:00,87.0
8295,2024-06-28 23:56:00,86.0
8321,2024-06-29 00:02:00,85.0
8334,2024-06-29 00:06:00,84.0
8339,2024-06-29 00:07:00,84.0
8354,2024-06-29 00:13:00,83.0
8357,2024-06-29 00:14:00,82.0
8362,2024-06-29 00:15:00,82.0
8381,2024-06-29 00:20:00,81.0
8384,2024-06-29 00:20:00,81.0
8390,2024-06-29 00:23:00,80.0
8392,2024-06-29 00:24:00,80.0
8413,2024-06-29 00:29:00,79.0
8433,2024-06-29 00:34:00,78.0
8435,2024-06-29 00:34:00,78.0
8462,2024-06-29 00:41:00,77.0
8473,2024-06-29 00:45:00,76.0
8478,2024-06-29 00:46:00,76.0
8492,2024-06-29 00:50:00,75.0
8496,2024-06-29 00:50:00,75.0
8503,2024-06-29 00:53:00,74.0
8526,2024-06-29 00:59:00,73.0
8540,2024-06-29 01:02:00,72.0
8548,2024-06-29 01:07:00,71.0
8564,2024-06-29 01:11:00,70.0
8580,2024-06-29 01:15:00,69.0
8584,2024-06-29 01:15:00,69.0
8632,2024-06-29 01:28:00,68.0
8644,2024-06-29 01:33:00,67.0
8660,2024-06-29 01:37:00,66.0
8681,2024-06-29 01:43:00,65.0
8688,2024-06-29 01:45:00,64.0
8692,2024-06-29 01:46:00,64.0
8704,2024-06-29 01:49:00,63.0
8707,2024-06-29 01:49:00,63.0
8716,2024-06-29 01:52:00,62.0
8719,2024-06-29 01:53:00,62.0
8733,2024-06-29 01:57:00,61.0
8740,2024-06-29 01:59:00,60.0
8744,2024-06-29 02:00:00,60.0
8771,2024-06-29 02:06:00,59.0
8788,2024-06-29 02:11:00,58.0
8804,2024-06-29 02:15:00,57.0
8807,2024-06-29 02:16:00,57.0
8809,2024-06-29 02:35:00,52.0
8824,2024-06-29 02:39:00,51.0
8837,2024-06-29 02:42:00,50.0
8859,2024-06-29 02:47:00,49.0
8870,2024-06-29 02:53:00,48.0
8875,2024-06-29 02:56:00,47.0
8889,2024-06-29 03:00:00,46.0
8904,2024-06-29 03:11:00,43.0
8908,2024-06-29 03:13:00,42.0
8921,2024-06-29 03:17:00,41.0
8924,2024-06-29 03:18:00,41.0
8977,2024-06-29 03:32:00,40.0
9135,2024-06-29 05:25:00,81.0
9137,2024-06-29 05:28:00,81.0
9145,2024-06-29 05:30:00,80.0
9149,2024-06-29 05:31:00,80.0
9155,2024-06-29 05:39:00,77.0
9159,2024-06-29 05:42:00,76.0
9165,2024-06-29 05:44:00,75.0
9183,2024-06-29 05:52:00,74.0
9192,2024-06-29 05:54:00,73.0
9198,2024-06-29 05:58:00,72.0
9208,2024-06-29 06:07:00,68.0
9217,2024-06-29 06:10:00,67.0
9219,2024-06-29 06:10:00,67.0
9222,2024-06-29 06:11:00,67.0
9227,2024-06-29 06:12:00,66.0
9235,2024-06-29 06:27:00,63.0
9242,2024-06-29 06:30:00,62.0
9247,2024-06-29 06:32:00,61.0
9258,2024-06-29 06:35:00,60.0
9268,2024-06-29 06:39:00,59.0
9274,2024-06-29 06:40:00,58.0
9277,2024-06-29 06:45:00,57.0
9281,2024-06-29 06:46:00,56.0
9287,2024-06-29 06:48:00,56.0
9295,2024-06-29 06:56:00,54.0
9299,2024-06-29 06:58:00,53.0
9311,2024-06-29 07:01:00,52.0
9319,2024-06-29 07:07:00,51.0
9325,2024-06-29 07:09:00,50.0
9335,2024-06-29 07:12:00,49.0
9359,2024-06-29 07:19:00,48.0
9367,2024-06-29 07:23:00,47.0
9374,2024-06-29 07:25:00,46.0
9402,2024-06-29 07:33:00,45.0
9448,2024-06-29 07:46:00,44.0
9450,2024-06-29 07:46:00,44.0
9488,2024-06-29 08:02:00,43.0
9516,2024-06-29 08:10:00,42.0
9551,2024-06-29 08:19:00,41.0
9571,2024-06-29 08:24:00,41.0
9586,2024-06-29 08:28:00,41.0
9590,2024-06-29 08:29:00,41.0
9614,2024-06-29 08:35:00,40.0
9642,2024-06-29 08:48:00,39.0
9699,2024-06-29 09:03:00,38.0
9702,2024-06-29 09:03:00,38.0
9710,2024-06-29 09:06:00,38.0
9715,2024-06-29 09:07:00,38.0
9782,2024-06-29 09:41:00,38.0
9793,2024-06-29 09:44:00,41.0
9804,2024-06-29 09:47:00,44.0
9816,2024-06-29 09:50:00,47.0
9819,2024-06-29 09:51:00,48.0
9825,2024-06-29 09:52:00,49.0
9836,2024-06-29 09:55:00,52.0
9848,2024-06-29 09:58:00,55.0
9859,2024-06-29 10:01:00,58.0
9863,2024-06-29 10:02:00,59.0
9869,2024-06-29 10:03:00,60.0
9881,2024-06-29 10:06:00,63.0
9892,2024-06-29 10:09:00,66.0
9904,2024-06-29 10:12:00,69.0
9907,2024-06-29 10:13:00,70.0
9913,2024-06-29 10:14:00,71.0
9919,2024-06-29 10:16:00,73.0
9923,2024-06-29 10:17:00,74.0
9941,2024-06-29 10:21:00,78.0
9967,2024-06-29 10:28:00,81.0
9976,2024-06-29 10:30:00,82.0
10057,2024-06-29 11:15:00,99.0
10069,2024-06-29 11:32:00,98.0
10156,2024-06-29 12:21:00,97.0
10207,2024-06-29 12:53:00,96.0
10230,2024-06-29 13:01:00,95.0
10233,2024-06-29 13:01:00,95.0
10246,2024-06-29 13:05:00,94.0
10323,2024-06-29 13:25:00,93.0
10346,2024-06-29 13:30:00,92.0
10382,2024-06-29 13:41:00,91.0
10385,2024-06-29 13:41:00,91.0
10389,2024-06-29 13:43:00,91.0
10392,2024-06-29 13:43:00,91.0
10451,2024-06-29 13:58:00,90.0
10494,2024-06-29 14:09:00,89.0
10526,2024-06-29 14:20:00,88.0
10599,2024-06-29 14:39:00,87.0
10602,2024-06-29 14:39:00,87.0
10615,2024-06-29 14:43:00,86.0
10618,2024-06-29 14:44:00,86.0
10666,2024-06-29 15:01:00,85.0
10742,2024-06-29 15:22:00,84.0
10786,2024-06-29 15:34:00,83.0
10791,2024-06-29 15:35:00,83.0
10796,2024-06-29 15:36:00,82.0
10811,2024-06-29 15:40:00,81.0
10841,2024-06-29 15:48:00,80.0
10845,2024-06-29 15:48:00,80.0
10861,2024-06-29 15:53:00,79.0
10865,2024-06-29 15:54:00,79.0
10875,2024-06-29 15:56:00,78.0
10915,2024-06-29 16:06:00,77.0
10927,2024-06-29 16:10:00,76.0
10932,2024-06-29 16:11:00,76.0
10977,2024-06-29 16:22:00,75.0
10983,2024-06-29 16:29:00,74.0
10985,2024-06-29 16:29:00,73.0
11018,2024-06-29 16:38:00,72.0
11022,2024-06-29 16:39:00,72.0
11038,2024-06-29 16:43:00,71.0
11050,2024-06-29 16:46:00,70.0
11053,2024-06-29 16:46:00,70.0
11070,2024-06-29 16:54:00,69.0
11078,2024-06-29 16:56:00,68.0
11083,2024-06-29 17:01:00,67.0
11088,2024-06-29 17:02:00,67.0
11094,2024-06-29 17:07:00,66.0
11098,2024-06-29 17:08:00,66.0
11116,2024-06-29 17:13:00,65.0
11124,2024-06-29 17:15:00,64.0
11128,2024-06-29 17:16:00,64.0
11132,2024-06-29 17:17:00,64.0
11152,2024-06-29 17:24:00,63.0
11159,2024-06-29 17:26:00,62.0
11163,2024-06-29 17:27:00,62.0
11181,2024-06-29 17:32:00,61.0
11185,2024-06-29 17:32:00,61.0
11194,2024-06-29 17:35:00,60.0
11208,2024-06-29 17:38:00,59.0
11211,2024-06-29 17:40:00,58.0
11216,2024-06-29 17:41:00,58.0
11230,2024-06-29 17:45:00,57.0
11239,2024-06-29 17:47:00,56.0
11244,2024-06-29 17:51:00,55.0
11251,2024-06-29 18:00:00,52.0
11259,2024-06-29 18:03:00,51.0
11275,2024-06-29 18:07:00,50.0
11278,2024-06-29 18:07:00,50.0
11299,2024-06-29 18:13:00,49.0
11303,2024-06-29 18:14:00,49.0
11317,2024-06-29 18:19:00,48.0
11325,2024-06-29 18:22:00,47.0
11336,2024-06-29 18:25:00,46.0
11366,2024-06-29 18:33:00,45.0
11371,2024-06-29 18:34:00,45.0
11379,2024-06-29 18:36:00,44.0
11407,2024-06-29 18:43:00,43.0
11437,2024-06-29 18:51:00,42.0
11454,2024-06-29 18:55:00,41.0
11464,2024-06-29 18:57:00,40.0
11466,2024-06-29 19:02:00,39.0
11484,2024-06-29 20:03:00,77.0
11488,2024-06-29 20:04:00,77.0
11494,2024-06-29 20:06:00,76.0
11498,2024-06-29 20:06:00,76.0
11512,2024-06-29 20:10:00,75.0
11514,2024-06-29 20:10:00,75.0
11521,2024-06-29 20:12:00,74.0
11535,2024-06-29 20:16:00,73.0
11539,2024-06-29 20:17:00,73.0
11546,2024-06-29 20:19:00,72.0
11549,2024-06-29 20:20:00,72.0
11558,2024-06-29 20:23:00,71.0
11560,2024-06-29 20:23:00,71.0
11573,2024-06-29 20:27:00,70.0
11585,2024-06-29 20:30:00,69.0
11605,2024-06-29 20:35:00,68.0
11618,2024-06-29 20:39:00,67.0
11621,2024-06-29 20:39:00,67.0
11629,2024-06-29 20:41:00,66.0
11650,2024-06-29 20:46:00,65.0
11666,2024-06-29 20:51:00,64.0
11678,2024-06-29 20:54:00,63.0
11681,2024-06-29 20:54:00,63.0
11690,2024-06-29 20:57:00,62.0
11719,2024-06-29 21:04:00,61.0
11731,2024-06-29 21:07:00,60.0
11750,2024-06-29 21:12:00,59.0
11764,2024-06-29 21:16:00,58.0
11767,2024-06-29 21:16:00,58.0
11792,2024-06-29 21:23:00,57.0
11801,2024-06-29 21:25:00,56.0
11822,2024-06-29 21:30:00,55.0
11830,2024-06-29 21:33:00,54.0
11834,2024-06-29 21:33:00,54.0
11849,2024-06-29 21:37:00,53.0
11861,2024-06-29 21:41:00,52.0
11884,2024-06-29 21:46:00,51.0
11895,2024-06-29 21:49:00,50.0
11898,2024-06-29 21:50:00,50.0
11904,2024-06-29 21:54:00,49.0
11915,2024-06-29 21:56:00,48.0
11933,2024-06-29 22:01:00,47.0
11939,2024-06-29 22:02:00,47.0
11945,2024-06-29 22:04:00,46.0
11968,2024-06-29 22:10:00,45.0
11972,2024-06-29 22:11:00,45.0
11979,2024-06-29 22:13:00,44.0
12004,2024-06-29 22:20:00,43.0
12006,2024-06-29 22:21:00,42.0
12010,2024-06-29 22:22:00,42.0
12026,2024-06-29 22:26:00,41.0
12037,2024-06-29 22:28:00,40.0
12058,2024-06-29 22:34:00,39.0
12061,2024-06-29 22:34:00,39.0
12077,2024-06-29 22:38:00,38.0
12098,2024-06-29 22:44:00,37.0
12109,2024-06-29 22:46:00,36.0
12142,2024-06-29 22:55:00,35.0
12180,2024-06-29 23:04:00,34.0
12237,2024-06-29 23:19:00,33.0
12241,2024-06-29 23:19:00,33.0
12258,2024-06-29 23:24:00,32.0
12262,2024-06-29 23:25:00,32.0
12304,2024-06-30 00:28:00,66.0
12327,2024-06-30 00:34:00,69.0
12355,2024-06-30 00:41:00,72.0
12370,2024-06-30 00:45:00,74.0
12389,2024-06-30 00:50:00,76.0
12395,2024-06-30 00:51:00,77.0
12406,2024-06-30 00:54:00,78.0
12450,2024-06-30 04:32:00,99.0
12477,2024-06-30 04:39:00,98.0
12481,2024-06-30 04:40:00,98.0
12506,2024-06-30 04:46:00,97.0
12526,2024-06-30 04:51:00,96.0
12559,2024-06-30 05:00:00,95.0
12563,2024-06-30 05:00:00,95.0
12588,2024-06-30 05:07:00,94.0
12622,2024-06-30 05:28:00,93.0
12654,2024-06-30 05:36:00,92.0
12692,2024-06-30 05:46:00,91.0
12695,2024-06-30 05:46:00,91.0
12706,2024-06-30 05:52:00,90.0
12739,2024-06-30 06:00:00,89.0
12762,2024-06-30 06:06:00,88.0
12764,2024-06-30 06:06:00,88.0
12800,2024-06-30 06:16:00,87.0
12804,2024-06-30 06:17:00,87.0
12825,2024-06-30 06:22:00,86.0
12840,2024-06-30 06:27:00,85.0
12843,2024-06-30 06:27:00,85.0
12896,2024-06-30 06:42:00,84.0
12914,2024-06-30 06:46:00,83.0
12921,2024-06-30 06:49:00,82.0
12925,2024-06-30 06:50:00,82.0
12937,2024-06-30 06:53:00,81.0
12940,2024-06-30 06:53:00,81.0
12954,2024-06-30 06:58:00,80.0
12980,2024-06-30 07:05:00,79.0
12992,2024-06-30 07:08:00,78.0
13012,2024-06-30 07:13:00,77.0
13025,2024-06-30 07:17:00,76.0
13045,2024-06-30 07:22:00,75.0
13049,2024-06-30 07:22:00,75.0
13056,2024-06-30 07:24:00,74.0
13069,2024-06-30 07:29:00,73.0
13082,2024-06-30 07:33:00,72.0
13099,2024-06-30 07:37:00,71.0
13103,2024-06-30 07:38:00,71.0
13114,2024-06-30 07:41:00,70.0
13116,2024-06-30 07:41:00,70.0
13131,2024-06-30 07:45:00,69.0
13143,2024-06-30 07:48:00,68.0
13145,2024-06-30 07:48:00,68.0
13159,2024-06-30 07:52:00,67.0
13163,2024-06-30 07:53:00,67.0
13178,2024-06-30 07:57:00,66.0
13180,2024-06-30 07:57:00,66.0
13204,2024-06-30 08:04:00,65.0
13216,2024-06-30 08:07:00,64.0
13219,2024-06-30 08:08:00,64.0
13235,2024-06-30 08:12:00,63.0
13246,2024-06-30 08:15:00,62.0
13249,2024-06-30 08:16:00,62.0
13265,2024-06-30 08:20:00,61.0
13277,2024-06-30 08:23:00,60.0
13292,2024-06-30 08:27:00,59.0
13294,2024-06-30 08:28:00,59.0
13302,2024-06-30 08:30:00,58.0
13313,2024-06-30 08:33:00,57.0
13316,2024-06-30 08:34:00,57.0
13324,2024-06-30 08:36:00,56.0
13327,2024-06-30 08:36:00,56.0
13342,2024-06-30 08:40:00,55.0
13351,2024-06-30 08:42:00,54.0
13367,2024-06-30 08:47:00,53.0
13376,2024-06-30 08:49:00,52.0
13378,2024-06-30 08:49:00,52.0
13383,2024-06-30 08:52:00,51.0
13393,2024-06-30 08:55:00,50.0
13404,2024-06-30 08:58:00,49.0
13414,2024-06-30 09:04:00,48.0
13418,2024-06-30 09:05:00,47.0
13422,2024-06-30 09:05:00,47.0
13428,2024-06-30 09:07:00,46.0
13437,2024-06-30 09:10:00,45.0
13446,2024-06-30 09:13:00,44.0
13459,2024-06-30 10:28:00,90.0
13465,2024-06-30 10:32:00,89.0
13467,2024-06-30 10:33:00,88.0
13471,2024-06-30 10:36:00,87.0
13482,2024-06-30 10:39:00,86.0
13492,2024-06-30 10:43:00,85.0
13494,2024-06-30 10:43:00,85.0
13503,2024-06-30 10:46:00,84.0
13507,2024-06-30 10:47:00,84.0
13523,2024-06-30 10:51:00,83.0
13525,2024-06-30 10:52:00,83.0
13531,2024-06-30 10:53:00,82.0
13545,2024-06-30 10:57:00,81.0
13547,2024-06-30 10:58:00,81.0
13555,2024-06-30 11:00:00,80.0
13566,2024-06-30 11:04:00,79.0
13575,2024-06-30 11:06:00,78.0
13580,2024-06-30 11:13:00,76.0
13587,2024-06-30 11:14:00,75.0
13589,2024-06-30 11:16:00,74.0
13598,2024-06-30 11:19:00,73.0
13602,2024-06-30 11:19:00,73.0
13607,2024-06-30 11:21:00,72.0
13611,2024-06-30 11:25:00,71.0
13614,2024-06-30 11:26:00,70.0
13618,2024-06-30 11:30:00,69.0
13621,2024-06-30 11:32:00,68.0
13624,2024-06-30 11:33:00,68.0
13635,2024-06-30 11:36:00,67.0
13642,2024-06-30 11:38:00,66.0
13647,2024-06-30 11:39:00,66.0
13657,2024-06-30 11:42:00,65.0
13660,2024-06-30 11:46:00,64.0
13668,2024-06-30 11:48:00,63.0
13671,2024-06-30 11:48:00,63.0
13683,2024-06-30 11:52:00,62.0
13699,2024-06-30 11:56:00,61.0
13704,2024-06-30 11:57:00,61.0
13712,2024-06-30 11:59:00,60.0
13725,2024-06-30 12:02:00,59.0
13727,2024-06-30 12:02:00,59.0
13736,2024-06-30 12:05:00,58.0
13739,2024-06-30 12:06:00,58.0
13747,2024-06-30 12:07:00,57.0
13751,2024-06-30 12:09:00,56.0
13763,2024-06-30 12:12:00,55.0
13768,2024-06-30 12:13:00,54.0
13770,2024-06-30 12:13:00,54.0
13783,2024-06-30 12:17:00,53.0
13788,2024-06-30 12:18:00,52.0
13793,2024-06-30 12:21:00,51.0
13796,2024-06-30 12:21:00,51.0
13799,2024-06-30 12:22:00,50.0
13808,2024-06-30 12:26:00,49.0
13813,2024-06-30 12:27:00,48.0
13818,2024-06-30 12:28:00,48.0
13821,2024-06-30 12:31:00,47.0
13823,2024-06-30 12:32:00,46.0
13834,2024-06-30 12:35:00,45.0
13838,2024-06-30 12:35:00,45.0
13842,2024-06-30 12:37:00,44.0
13844,2024-06-30 12:37:00,44.0
13855,2024-06-30 12:40:00,43.0
13866,2024-06-30 12:43:00,42.0
13868,2024-06-30 12:43:00,42.0
13871,2024-06-30 12:44:00,42.0
13882,2024-06-30 12:47:00,41.0
13885,2024-06-30 12:48:00,41.0
13909,2024-06-30 12:54:00,40.0
13919,2024-06-30 12:56:00,39.0
13929,2024-06-30 12:59:00,38.0
13932,2024-06-30 13:00:00,38.0
13948,2024-06-30 13:04:00,37.0
13952,2024-06-30 13:05:00,36.0
13957,2024-06-30 13:06:00,36.0
13976,2024-06-30 13:11:00,35.0
13980,2024-06-30 13:12:00,35.0
13988,2024-06-30 13:14:00,34.0
14008,2024-06-30 13:19:00,33.0
14010,2024-06-30 13:19:00,33.0
14034,2024-06-30 13:26:00,32.0
14059,2024-06-30 13:33:00,31.0
14091,2024-06-30 13:43:00,30.0
14095,2024-06-30 13:44:00,30.0
14132,2024-06-30 13:53:00,29.0
14182,2024-06-30 14:06:00,28.0
14217,2024-06-30 14:15:00,27.0
14248,2024-06-30 14:26:00,26.0
14311,2024-06-30 14:42:00,25.0
14317,2024-06-30 14:43:00,25.0
14371,2024-06-30 17:54:00,99.0
14451,2024-06-30 19:22:00,98.0
14470,2024-06-30 19:27:00,97.0
14474,2024-06-30 19:28:00,97.0
14599,2024-06-30 20:02:00,96.0
14603,2024-06-30 20:03:00,96.0
14673,2024-06-30 20:21:00,95.0
14677,2024-06-30 20:22:00,95.0
14692,2024-06-30 20:25:00,94.0
14737,2024-06-30 20:42:00,93.0
14787,2024-06-30 20:55:00,92.0
14836,2024-06-30 21:08:00,91.0
14855,2024-06-30 21:12:00,90.0
14860,2024-06-30 21:14:00,90.0
14903,2024-06-30 21:27:00,89.0
14946,2024-06-30 21:38:00,88.0
14972,2024-06-30 21:48:00,87.0
14975,2024-06-30 21:48:00,87.0
15026,2024-06-30 22:05:00,86.0
15029,2024-06-30 22:05:00,86.0
15042,2024-06-30 22:10:00,85.0
15072,2024-06-30 22:19:00,84.0
15090,2024-06-30 22:24:00,83.0
15094,2024-06-30 22:25:00,83.0
15114,2024-06-30 22:30:00,82.0
15116,2024-06-30 22:30:00,82.0
15129,2024-06-30 22:35:00,81.0
15135,2024-06-30 22:37:00,80.0
15154,2024-06-30 22:42:00,79.0
15156,2024-06-30 22:45:00,78.0
15170,2024-06-30 22:52:00,77.0
15178,2024-06-30 22:54:00,76.0
15182,2024-06-30 22:55:00,76.0
15194,2024-06-30 23:00:00,75.0
15196,2024-06-30 23:00:00,75.0
15209,2024-06-30 23:04:00,74.0
15221,2024-06-30 23:11:00,73.0
15224,2024-06-30 23:12:00,73.0
15233,2024-06-30 23:16:00,72.0
15235,2024-06-30 23:23:00,70.0
15237,2024-06-30 23:27:00,69.0
15242,2024-06-30 23:30:00,68.0
15258,2024-06-30 23:40:00,67.0
15261,2024-06-30 23:41:00,67.0
15264,2024-06-30 23:41:00,67.0
15269,2024-06-30 23:43:00,67.0
15273,2024-06-30 23:46:00,66.0
15295,2024-06-30 23:55:00,65.0
15299,2024-06-30 23:58:00,64.0
15310,2024-07-01 00:03:00,63.0
15315,2024-07-01 00:08:00,62.0
15338,2024-07-01 00:15:00,61.0
15349,2024-07-01 00:18:00,60.0
15387,2024-07-01 01:07:00,82.0
15391,2024-07-01 01:08:00,82.0
15394,2024-07-01 01:18:00,80.0
15421,2024-07-01 01:28:00,79.0
15425,2024-07-01 01:29:00,79.0
15434,2024-07-01 01:33:00,78.0
15450,2024-07-01 01:39:00,77.0
15453,2024-07-01 01:39:00,77.0
15473,2024-07-01 01:44:00,76.0
15484,2024-07-01 02:02:00,74.0
15518,2024-07-01 02:11:00,73.0
15521,2024-07-01 02:11:00,73.0
15538,2024-07-01 02:16:00,72.0
15562,2024-07-01 02:22:00,71.0
15566,2024-07-01 02:23:00,71.0
15579,2024-07-01 02:26:00,70.0
15581,2024-07-01 02:26:00,70.0
15602,2024-07-01 02:32:00,69.0
15616,2024-07-01 02:36:00,68.0
15632,2024-07-01 02:40:00,67.0
15634,2024-07-01 02:40:00,67.0
15657,2024-07-01 02:46:00,66.0
15679,2024-07-01 02:52:00,65.0
15682,2024-07-01 02:52:00,65.0
15695,2024-07-01 02:56:00,64.0
15718,2024-07-01 03:03:00,63.0
15723,2024-07-01 03:04:00,63.0
15738,2024-07-01 03:07:00,62.0
15763,2024-07-01 03:14:00,61.0
15775,2024-07-01 03:18:00,60.0
15780,2024-07-01 03:19:00,60.0
15796,2024-07-01 03:25:00,59.0
15810,2024-07-01 03:30:00,58.0
15832,2024-07-01 03:36:00,57.0
15846,2024-07-01 03:39:00,56.0
15870,2024-07-01 03:45:00,55.0
15878,2024-07-01 03:48:00,54.0
15882,2024-07-01 03:48:00,54.0
15907,2024-07-01 03:55:00,53.0
15924,2024-07-01 04:00:00,52.0
15926,2024-07-01 04:00:00,52.0
15943,2024-07-01 04:05:00,51.0
15947,2024-07-01 04:05:00,51.0
15955,2024-07-01 04:08:00,50.0
15958,2024-07-01 04:09:00,50.0
15974,2024-07-01 04:13:00,49.0
15987,2024-07-01 04:16:00,48.0
15989,2024-07-01 04:16:00,48.0
15992,2024-07-01 04:17:00,48.0
16009,2024-07-01 04:22:00,47.0
16014,2024-07-01 04:23:00,47.0
16029,2024-07-01 04:27:00,46.0
16034,2024-07-01 04:28:00,46.0
16071,2024-07-01 04:37:00,45.0
16099,2024-07-01 04:54:00,44.0
16101,2024-07-01 04:54:00,44.0
16104,2024-07-01 04:55:00,44.0
16142,2024-07-01 05:05:00,43.0
16211,2024-07-01 10:35:00,99.0
16255,2024-07-01 10:46:00,98.0
16315,2024-07-01 11:01:00,97.0
16343,2024-07-01 11:08:00,96.0
16345,2024-07-01 11:09:00,96.0
16434,2024-07-01 11:57:00,95.0
16437,2024-07-01 11:57:00,95.0
16499,2024-07-01 12:13:00,94.0
16502,2024-07-01 12:14:00,94.0
16533,2024-07-01 12:22:00,93.0
16538,2024-07-01 12:23:00,93.0
16557,2024-07-01 12:28:00,92.0
16580,2024-07-01 12:33:00,91.0
16601,2024-07-01 12:39:00,90.0
16635,2024-07-01 12:47:00,89.0
16648,2024-07-01 12:51:00,88.0
16668,2024-07-01 12:57:00,87.0
16677,2024-07-01 12:59:00,86.0
16704,2024-07-01 13:06:00,85.0
16706,2024-07-01 13:06:00,85.0
16708,2024-07-01 13:07:00,85.0
16726,2024-07-01 13:11:00,84.0
16743,2024-07-01 13:16:00,83.0
16746,2024-07-01 13:16:00,83.0
16755,2024-07-01 13:19:00,82.0
16759,2024-07-01 13:20:00,82.0
16771,2024-07-01 13:23:00,81.0
16775,2024-07-01 13:24:00,81.0
16787,2024-07-01 13:27:00,80.0
16790,2024-07-01 13:27:00,80.0
16800,2024-07-01 13:30:00,79.0
16803,2024-07-01 13:31:00,79.0
16811,2024-07-01 13:33:00,78.0
16827,2024-07-01 13:37:00,77.0
16842,2024-07-01 13:41:00,76.0
16858,2024-07-01 13:45:00,75.0
16864,2024-07-01 13:48:00,74.0
16868,2024-07-01 13:49:00,74.0
16879,2024-07-01 13:52:00,73.0
16890,2024-07-01 13:54:00,72.0
16901,2024-07-01 13:58:00,71.0
16903,2024-07-01 13:58:00,71.0
16915,2024-07-01 14:01:00,70.0
16935,2024-07-01 14:07:00,69.0
16937,2024-07-01 14:07:00,69.0
16943,2024-07-01 14:09:00,68.0
16945,2024-07-01 14:09:00,68.0
16953,2024-07-01 14:14:00,67.0
16958,2024-07-01 14:17:00,66.0
16978,2024-07-01 14:22:00,65.0
16987,2024-07-01 14:24:00,64.0
17002,2024-07-01 14:28:00,63.0
17005,2024-07-01 14:28:00,63.0
17016,2024-07-01 14:31:00,62.0
17032,2024-07-01 14:35:00,61.0
17042,2024-07-01 14:38:00,60.0
17055,2024-07-01 14:41:00,59.0
17058,2024-07-01 14:42:00,59.0
17072,2024-07-01 14:45:00,58.0
17087,2024-07-01 14:49:00,57.0
17089,2024-07-01 14:50:00,57.0
17136,2024-07-01 15:02:00,56.0
17148,2024-07-01 15:06:00,55.0
17158,2024-07-01 15:08:00,54.0
17172,2024-07-01 15:12:00,53.0
17181,2024-07-01 15:17:00,52.0
17190,2024-07-01 15:19:00,50.0
17208,2024-07-01 15:24:00,49.0
17213,2024-07-01 15:25:00,49.0
17218,2024-07-01 15:32:00,47.0
17234,2024-07-01 15:36:00,46.0
17240,2024-07-01 16:49:00,87.0
17245,2024-07-01 16:51:00,86.0
17261,2024-07-01 16:55:00,85.0
17272,2024-07-01 16:59:00,84.0
17292,2024-07-01 17:05:00,83.0
17299,2024-07-01 17:07:00,82.0
17302,2024-07-01 17:07:00,82.0
17312,2024-07-01 17:10:00,81.0
17315,2024-07-01 17:11:00,81.0
17323,2024-07-01 17:13:00,80.0
17327,2024-07-01 17:14:00,80.0
17339,2024-07-01 17:17:00,79.0
17346,2024-07-01 17:19:00,78.0
17350,2024-07-01 17:20:00,78.0
17356,2024-07-01 17:25:00,77.0
17362,2024-07-01 17:27:00,76.0
17373,2024-07-01 17:30:00,75.0
17376,2024-07-01 17:32:00,74.0
17388,2024-07-01 17:35:00,73.0
17391,2024-07-01 17:36:00,73.0
17394,2024-07-01 17:37:00,72.0
17402,2024-07-01 17:40:00,71.0
17410,2024-07-01 17:48:00,69.0
17418,2024-07-01 17:53:00,68.0
17429,2024-07-01 17:56:00,67.0
17438,2024-07-01 18:01:00,66.0
17446,2024-07-01 18:03:00,65.0
17461,2024-07-01 18:07:00,64.0
17464,2024-07-01 18:07:00,64.0
17481,2024-07-01 18:12:00,63.0
17485,2024-07-01 18:13:00,63.0
17493,2024-07-01 18:16:00,62.0
17511,2024-07-01 18:21:00,61.0
17517,2024-07-01 18:23:00,60.0
17521,2024-07-01 18:25:00,59.0
17533,2024-07-01 18:28:00,58.0
17555,2024-07-01 18:37:00,57.0
17565,2024-07-01 18:39:00,56.0
17567,2024-07-01 18:45:00,54.0
17582,2024-07-01 18:49:00,53.0
17594,2024-07-01 18:52:00,52.0
17599,2024-07-01 18:53:00,52.0
17602,2024-07-01 18:54:00,52.0
17607,2024-07-01 18:57:00,51.0
17609,2024-07-01 18:59:00,50.0
17627,2024-07-01 19:03:00,49.0
17639,2024-07-01 19:06:00,48.0
17662,2024-07-01 19:12:00,47.0
17665,2024-07-01 19:13:00,47.0
17683,2024-07-01 19:18:00,46.0
17723,2024-07-01 19:27:00,45.0
17727,2024-07-01 19:32:00,44.0
17746,2024-07-01 19:37:00,43.0
17751,2024-07-01 19:38:00,43.0
17754,2024-07-01 19:38:00,43.0
17767,2024-07-01 19:42:00,42.0
17799,2024-07-01 19:50:00,41.0
17801,2024-07-01 19:50:00,41.0
17809,2024-07-01 19:53:00,40.0
17811,2024-07-01 19:53:00,40.0
17872,2024-07-01 20:09:00,39.0
17907,2024-07-01 20:18:00,38.0
17985,2024-07-01 20:41:00,37.0
18016,2024-07-01 20:49:00,36.0
18058,2024-07-01 21:00:00,35.0
18073,2024-07-01 21:06:00,34.0
18080,2024-07-01 21:07:00,34.0
18159,2024-07-01 21:27:00,33.0
18166,2024-07-01 21:29:00,33.0
18203,2024-07-01 21:39:00,32.0
18239,2024-07-01 21:53:00,35.0
18250,2024-07-01 21:56:00,38.0
18254,2024-07-01 21:57:00,39.0
18258,2024-07-01 21:58:00,40.0
18270,2024-07-01 22:01:00,43.0
18276,2024-07-01 22:03:00,45.0
18278,2024-07-01 22:03:00,45.0
18281,2024-07-01 22:04:00,46.0
18290,2024-07-01 22:06:00,48.0
18301,2024-07-01 22:09:00,51.0
18332,2024-07-01 22:17:00,59.0
18341,2024-07-01 22:19:00,61.0
18357,2024-07-01 23:16:00,99.0
18405,2024-07-01 23:30:00,98.0
18412,2024-07-01 23:32:00,97.0
18416,2024-07-01 23:33:00,97.0
18425,2024-07-01 23:35:00,96.0
18440,2024-07-01 23:39:00,95.0
18444,2024-07-01 23:40:00,95.0
18453,2024-07-01 23:42:00,94.0
18460,2024-07-01 23:44:00,94.0
18464,2024-07-01 23:44:00,94.0
18478,2024-07-01 23:50:00,93.0
18494,2024-07-01 23:54:00,92.0
18547,2024-07-02 00:07:00,91.0
18555,2024-07-02 00:10:00,90.0
18577,2024-07-02 00:18:00,89.0
18579,2024-07-02 00:19:00,89.0
18583,2024-07-02 00:20:00,89.0
18598,2024-07-02 00:25:00,88.0
18621,2024-07-02 00:31:00,87.0
18639,2024-07-02 00:36:00,86.0
18653,2024-07-02 00:41:00,85.0
18666,2024-07-02 00:45:00,84.0
18682,2024-07-02 00:50:00,83.0
18691,2024-07-02 00:53:00,82.0
18697,2024-07-02 01:00:00,80.0
18715,2024-07-02 01:05:00,79.0
18717,2024-07-02 01:08:00,78.0
18732,2024-07-02 01:13:00,77.0
18741,2024-07-02 01:15:00,76.0
18756,2024-07-02 01:22:00,75.0
18762,2024-07-02 01:25:00,74.0
18767,2024-07-02 01:26:00,74.0
18784,2024-07-02 01:32:00,73.0
18790,2024-07-02 01:34:00,72.0
18796,2024-07-02 01:44:00,70.0
18802,2024-07-02 01:47:00,69.0
18808,2024-07-02 01:49:00,68.0
18824,2024-07-02 02:00:00,67.0
18830,2024-07-02 02:02:00,66.0
18853,2024-07-02 02:07:00,65.0
18856,2024-07-02 02:11:00,64.0
18858,2024-07-02 02:11:00,64.0
18869,2024-07-02 02:16:00,63.0
18875,2024-07-02 02:18:00,62.0
18888,2024-07-02 02:25:00,61.0
18897,2024-07-02 02:28:00,60.0
18901,2024-07-02 02:29:00,60.0
18912,2024-07-02 02:32:00,59.0
18918,2024-07-02 02:51:00,58.0
18960,2024-07-02 03:54:00,78.0
18970,2024-07-02 03:59:00,77.0
18994,2024-07-02 04:06:00,76.0
18996,2024-07-02 04:06:00,76.0
18999,2024-07-02 04:07:00,76.0
19006,2024-07-02 04:09:00,75.0
19009,2024-07-02 04:09:00,75.0
19020,2024-07-02 04:12:00,74.0
19028,2024-07-02 04:18:00,73.0
19032,2024-07-02 04:19:00,72.0
19036,2024-07-02 04:31:00,71.0
19040,2024-07-02 04:31:00,71.0
19058,2024-07-02 04:36:00,70.0
19070,2024-07-02 04:40:00,69.0
19084,2024-07-02 04:44:00,68.0
19091,2024-07-02 04:48:00,67.0
19096,2024-07-02 04:49:00,67.0
19103,2024-07-02 04:51:00,66.0
19108,2024-07-02 04:52:00,66.0
19127,2024-07-02 04:58:00,65.0
19141,2024-07-02 05:01:00,64.0
19154,2024-07-02 05:05:00,63.0
19157,2024-07-02 05:05:00,63.0
19171,2024-07-02 05:09:00,62.0
19196,2024-07-02 05:16:00,61.0
19214,2024-07-02 05:20:00,60.0
19239,2024-07-02 05:27:00,59.0
19243,2024-07-02 05:27:00,59.0
19251,2024-07-02 05:30:00,58.0
19255,2024-07-02 05:31:00,58.0
19271,2024-07-02 05:35:00,57.0
19276,2024-07-02 05:36:00,57.0
19283,2024-07-02 05:38:00,56.0
19288,2024-07-02 05:39:00,56.0
19304,2024-07-02 05:43:00,55.0
19308,2024-07-02 05:44:00,55.0
19324,2024-07-02 05:48:00,54.0
19346,2024-07-02 05:54:00,53.0
19351,2024-07-02 05:55:00,53.0
19357,2024-07-02 05:57:00,52.0
19359,2024-07-02 05:57:00,52.0
19371,2024-07-02 06:05:00,51.0
19376,2024-07-02 06:06:00,50.0
19399,2024-07-02 06:12:00,49.0
19402,2024-07-02 06:13:00,49.0
19418,2024-07-02 06:17:00,48.0
19422,2024-07-02 06:18:00,48.0
19442,2024-07-02 06:23:00,47.0
19462,2024-07-02 06:28:00,46.0
19471,2024-07-02 06:31:00,45.0
19483,2024-07-02 06:34:00,44.0
19494,2024-07-02 06:37:00,43.0
19498,2024-07-02 06:38:00,43.0
19518,2024-07-02 06:43:00,42.0
19536,2024-07-02 06:47:00,41.0
19548,2024-07-02 06:50:00,40.0
19552,2024-07-02 06:51:00,40.0
19579,2024-07-02 06:58:00,39.0
19600,2024-07-02 07:04:00,38.0
19646,2024-07-02 07:16:00,37.0
19650,2024-07-02 07:17:00,37.0
19671,2024-07-02 07:22:00,36.0
19723,2024-07-02 14:10:00,99.0
19745,2024-07-02 14:16:00,98.0
19769,2024-07-02 14:22:00,97.0
19804,2024-07-02 14:31:00,96.0
19863,2024-07-02 14:46:00,95.0
19912,2024-07-02 14:58:00,94.0
19951,2024-07-02 15:08:00,93.0
19955,2024-07-02 15:09:00,93.0
19981,2024-07-02 15:15:00,92.0
20014,2024-07-02 15:24:00,91.0
20037,2024-07-02 15:30:00,90.0
20065,2024-07-02 15:37:00,89.0
20082,2024-07-02 15:43:00,88.0
20087,2024-07-02 15:44:00,88.0
20114,2024-07-02 15:51:00,87.0
20118,2024-07-02 15:52:00,87.0
20126,2024-07-02 15:54:00,86.0
20128,2024-07-02 15:55:00,86.0
20144,2024-07-02 15:59:00,85.0
20148,2024-07-02 16:00:00,85.0
20156,2024-07-02 16:02:00,84.0
20159,2024-07-02 16:03:00,84.0
20165,2024-07-02 16:11:00,83.0
20170,2024-07-02 16:12:00,83.0
20173,2024-07-02 16:13:00,83.0
20189,2024-07-02 16:17:00,82.0
20192,2024-07-02 16:17:00,82.0
20208,2024-07-02 16:22:00,81.0
20210,2024-07-02 16:22:00,81.0
20226,2024-07-02 16:26:00,80.0
20228,2024-07-02 16:27:00,80.0
20243,2024-07-02 16:31:00,79.0
20247,2024-07-02 16:31:00,79.0
20258,2024-07-02 16:35:00,78.0
20262,2024-07-02 16:36:00,78.0
20282,2024-07-02 16:41:00,77.0
20288,2024-07-02 16:44:00,76.0
20302,2024-07-02 16:48:00,75.0
20315,2024-07-02 16:51:00,74.0
20356,2024-07-02 17:01:00,73.0
20365,2024-07-02 17:04:00,72.0
20383,2024-07-02 17:08:00,71.0
20389,2024-07-02 17:10:00,70.0
20394,2024-07-02 17:11:00,70.0
20409,2024-07-02 17:15:00,69.0
20411,2024-07-02 17:15:00,69.0
20414,2024-07-02 17:16:00,69.0
20421,2024-07-02 17:18:00,68.0
20424,2024-07-02 17:18:00,68.0
20447,2024-07-02 17:24:00,67.0
20459,2024-07-02 17:27:00,66.0
20476,2024-07-02 17:32:00,65.0
20491,2024-07-02 17:35:00,64.0
20504,2024-07-02 17:39:00,63.0
20508,2024-07-02 17:40:00,63.0
20520,2024-07-02 17:43:00,62.0
20532,2024-07-02 17:47:00,61.0
20536,2024-07-02 17:48:00,61.0
20544,2024-07-02 17:50:00,60.0
20568,2024-07-02 17:56:00,59.0
20580,2024-07-02 17:59:00,58.0
20596,2024-07-02 18:03:00,57.0
20605,2024-07-02 18:06:00,56.0
20608,2024-07-02 18:06:00,56.0
20625,2024-07-02 18:11:00,55.0
20628,2024-07-02 18:11:00,55.0
20634,2024-07-02 18:13:00,54.0
20653,2024-07-02 18:18:00,53.0
20661,2024-07-02 18:20:00,53.0
20664,2024-07-02 18:21:00,53.0
20672,2024-07-02 18:23:00,52.0
20688,2024-07-02 18:27:00,51.0
20700,2024-07-02 18:30:00,50.0
20702,2024-07-02 18:31:00,50.0
20713,2024-07-02 18:35:00,49.0
20728,2024-07-02 18:41:00,47.0
20735,2024-07-02 18:43:00,46.0
20743,2024-07-02 18:48:00,45.0
20750,2024-07-02 18:50:00,44.0
20766,2024-07-02 18:54:00,43.0
20770,2024-07-02 18:55:00,43.0
20774,2024-07-02 20:04:00,91.0
20787,2024-07-02 20:07:00,90.0
20792,2024-07-02 20:11:00,89.0
20794,2024-07-02 20:11:00,88.0
20807,2024-07-02 20:15:00,87.0
20814,2024-07-02 20:17:00,86.0
20826,2024-07-02 20:20:00,85.0
20846,2024-07-02 20:25:00,84.0
20857,2024-07-02 20:28:00,83.0
20860,2024-07-02 20:28:00,83.0
20868,2024-07-02 20:30:00,82.0
20881,2024-07-02 20:34:00,81.0
20890,2024-07-02 20:36:00,80.0
20901,2024-07-02 20:39:00,79.0
20903,2024-07-02 20:39:00,79.0
20910,2024-07-02 20:43:00,78.0
20924,2024-07-02 20:47:00,77.0
20933,2024-07-02 20:49:00,76.0
20944,2024-07-02 20:52:00,75.0
20948,2024-07-02 20:53:00,74.0
20953,2024-07-02 20:54:00,74.0
20969,2024-07-02 20:58:00,73.0
20992,2024-07-02 21:05:00,72.0
20998,2024-07-02 21:08:00,71.0
21005,2024-07-02 21:11:00,70.0
21009,2024-07-02 21:11:00,70.0
21016,2024-07-02 21:14:00,69.0
21019,2024-07-02 21:15:00,69.0
21030,2024-07-02 21:17:00,68.0
21043,2024-07-02 21:23:00,67.0
21048,2024-07-02 21:24:00,66.0
21053,2024-07-02 21:27:00,65.0
21055,2024-07-02 21:27:00,65.0
21075,2024-07-02 21:32:00,64.0
21086,2024-07-02 21:35:00,63.0
21100,2024-07-02 21:40:00,62.0
21108,2024-07-02 21:42:00,61.0
21117,2024-07-02 21:46:00,60.0
21126,2024-07-02 21:51:00,58.0
21134,2024-07-02 21:57:00,56.0
21142,2024-07-02 21:59:00,55.0
21146,2024-07-02 22:03:00,54.0
21149,2024-07-02 22:03:00,53.0
21158,2024-07-02 22:06:00,52.0
21161,2024-07-02 22:06:00,52.0
21169,2024-07-02 22:09:00,51.0
21171,2024-07-02 22:10:00,51.0
21178,2024-07-02 22:12:00,50.0
21182,2024-07-02 22:12:00,50.0
21184,2024-07-02 22:14:00,49.0
21188,2024-07-02 22:15:00,49.0
21192,2024-07-02 22:16:00,48.0
21196,2024-07-02 22:17:00,48.0
21207,2024-07-02 22:20:00,47.0
21220,2024-07-02 22:23:00,46.0
21234,2024-07-02 22:26:00,45.0
21243,2024-07-02 22:29:00,44.0
21264,2024-07-02 22:34:00,43.0
21272,2024-07-02 22:38:00,42.0
21283,2024-07-02 22:41:00,41.0
21298,2024-07-02 22:45:00,40.0
21303,2024-07-02 22:46:00,40.0
21312,2024-07-02 22:48:00,39.0
21315,2024-07-02 22:49:00,39.0
21330,2024-07-02 22:53:00,38.0
21332,2024-07-02 22:53:00,38.0
21335,2024-07-02 22:54:00,38.0
21351,2024-07-02 22:58:00,37.0
21371,2024-07-02 23:03:00,36.0
21374,2024-07-02 23:04:00,36.0
21392,2024-07-02 23:08:00,35.0
21421,2024-07-02 23:18:00,34.0
21423,2024-07-02 23:18:00,34.0
21440,2024-07-02 23:30:00,33.0
21456,2024-07-02 23:35:00,32.0
21459,2024-07-02 23:35:00,32.0
21481,2024-07-02 23:43:00,31.0
21485,2024-07-02 23:44:00,31.0
21488,2024-07-02 23:44:00,31.0
21501,2024-07-02 23:48:00,30.0
21505,2024-07-02 23:49:00,30.0
21509,2024-07-02 23:50:00,30.0
21542,2024-07-03 00:09:00,29.0
21545,2024-07-03 00:09:00,29.0
21581,2024-07-03 02:38:00,99.0
21625,2024-07-03 08:54:00,98.0
21673,2024-07-03 09:17:00,97.0
21687,2024-07-03 09:21:00,96.0
21732,2024-07-03 09:34:00,95.0
21769,2024-07-03 09:44:00,94.0
21831,2024-07-03 10:07:00,93.0
21877,2024-07-03 10:20:00,92.0
